Local Authority,Population,Transition Grant 2016-17,Additional Rural Services Delivery Grant compared with last year,Total additional Rural Services and Transition Grants 2016-17,Transition Grant per person 2016-17,Additional Rural Services Delivery Grant per person 2016-17,Total Transition Grant and Additional Rural Services Delivery Grant per person 2016-17,Transition Grant 2017-18,Additional Rural Services Delivery Grant 2017-18 compared with 2015-16,Total additional Rural Services and Transition Grants 2017-18,Transition Grant per person 2017-18,Additional Rural Services Delivery Grant per person 2017-18,Total Transition Grant and Additional Rural Services Delivery Grant per person 2017-18,Two year total Transition Grant per person,Two-year additional Rural Services Delivery Grant per person,Total two-year additional rural services delivery grant,Two year total Transition Grants,Two year total additional Rural Services and Transition Grants,Two year total additional Rural Services and Transition Grants per person
Amber Valley,"123,498",0,0,-,0,0,-,0,0,-,0,0,-,0,0,-,-,-,0
Arun,"152,818","81,597.20",0,"81,597.16",0.53,0,0.53,"81,311.60",0,"81,311.56",0.53,0,0.53,1.07,0,-,"162,909","162,909",1.07
Ashfield,"121,553",0,0,-,0,0,-,0,0,-,0,0,-,0,0,-,-,-,0
Ashford,"121,723","28,781.80","66,673.50","95,455.36",0.24,0.55,0.78,"28,681.50","50,774.50","79,455.99",0.24,0.42,0.65,0.47,0.96,"117,447.99","57,463","174,911",1.44
Avon Fire,,0,0,-,#DIV/0!,#DIV/0!,#DIV/0!,0,0,-,#DIV/0!,#DIV/0!,#DIV/0!,#DIV/0!,#DIV/0!,-,-,-,#DIV/0!
Aylesbury Vale,"181,084","81,194.80",0,"81,194.79",0.45,0,0.45,"80,916.60",0,"80,916.56",0.45,0,0.45,0.9,0,-,"162,111","162,111",0.9
Babergh,"88,292","22,491.90","181,969.90","204,461.82",0.25,2.06,2.32,"22,409.60","138,577.10","160,986.74",0.25,1.57,1.82,0.51,3.63,"320,547.04","44,902","365,449",4.14
Barking and Dagenham,"194,352",0,0,-,0,0,-,0,0,-,0,0,-,0,0,-,-,-,0
Barnet,"369,088","1,422,094.60",0,"1,422,094.63",3.85,0,3.85,"1,426,571.70",0,"1,426,571.65",3.87,0,3.87,7.72,0,-,"2,848,666","2,848,666",7.72
Barnsley,"235,757",0,0,-,0,0,-,0,0,-,0,0,-,0,0,-,-,-,0
Barrow-in-Furness,"67,831",0,0,-,0,0,-,0,0,-,0,0,-,0,0,-,-,-,0
Basildon,"178,362","138,487.70",0,"138,487.74",0.78,0,0.78,"138,004.40",0,"138,004.39",0.77,0,0.77,1.55,0,-,"276,492","276,492",1.55
Basingstoke and Deane,"171,852","32,112.30",0,"32,112.29",0.19,0,0.19,"31,996.40",0,"31,996.43",0.19,0,0.19,0.37,0,-,"64,109","64,109",0.37
Bassetlaw,"113,654",0,"43,114.30","43,114.35",0,0.38,0.38,0,"32,833.20","32,833.23",0,0.29,0.29,0,0.67,"75,947.58",-,"75,948",0.67
Bath & North East Somerset,"180,097","936,259.70",0,"936,259.74",5.2,0,5.2,"930,074.30",0,"930,074.31",5.16,0,5.16,10.36,0,-,"1,866,334","1,866,334",10.36
Bedford,"161,383","715,321.60",0,"715,321.61",4.43,0,4.43,"715,885.80",0,"715,885.78",4.44,0,4.44,8.87,0,-,"1,431,207","1,431,207",8.87
Bedfordshire Fire,,"67,200.60",0,"67,200.59",#DIV/0!,#DIV/0!,#DIV/0!,"84,599.30",0,"84,599.33",#DIV/0!,#DIV/0!,#DIV/0!,#DIV/0!,#DIV/0!,-,"151,800","151,800",#DIV/0!
Berkshire Fire Authority,,"64,196.20",0,"64,196.16",#DIV/0!,#DIV/0!,#DIV/0!,"80,820.10",0,"80,820.06",#DIV/0!,#DIV/0!,#DIV/0!,#DIV/0!,#DIV/0!,-,"145,016","145,016",#DIV/0!
Bexley,"236,687","725,014.60",0,"725,014.63",3.06,0,3.06,"713,373.90",0,"713,373.93",3.01,0,3.01,6.08,0,-,"1,438,389","1,438,389",6.08
Birmingham,"1,092,330",0,0,-,0,0,-,0,0,-,0,0,-,0,0,-,-,-,0
Blaby,"95,092","11,152.70",0,"11,152.69",0.12,0,0.12,"11,110.00",0,"11,109.98",0.12,0,0.12,0.23,0,-,"22,263","22,263",0.23
Blackburn with Darwen,"147,369",0,0,-,0,0,-,0,0,-,0,0,-,0,0,-,-,-,0
Blackpool,"141,400",0,0,-,0,0,-,0,0,-,0,0,-,0,0,-,-,-,0
Bolsover,"76,729",0,0,-,0,0,-,0,0,-,0,0,-,0,0,-,-,-,0
Bolton,"280,057",0,0,-,0,0,-,0,0,-,0,0,-,0,0,-,-,-,0
Boston,"65,870",0,"68,407.70","68,407.67",0,1.04,1.04,0,"52,095.10","52,095.07",0,0.79,0.79,0,1.83,"120,502.73",-,"120,503",1.83
Bournemouth,"188,733","311,247.20",0,"311,247.19",1.65,0,1.65,"292,264.10",0,"292,264.08",1.55,0,1.55,3.2,0,-,"603,511","603,511",3.2
Bracknell Forest,"116,567","934,271.20",0,"934,271.24",8.01,0,8.01,"913,775.00",0,"913,774.98",7.84,0,7.84,15.85,0,-,"1,848,046","1,848,046",15.85
Bradford,"526,369",0,0,-,0,0,-,0,0,-,0,0,-,0,0,-,-,-,0
Braintree,"149,108","52,844.50","17,754.30","70,598.82",0.35,0.12,0.47,"52,661.20","13,520.60","66,181.82",0.35,0.09,0.44,0.71,0.21,"31,274.91","105,506","136,781",0.92
Breckland,"132,946",0,"379,117.50","379,117.54",0,2.85,2.85,0,"288,712.60","288,712.59",0,2.17,2.17,0,5.02,"667,830.12",-,"667,830",5.02
Brent,"317,264",0,0,-,0,0,-,0,0,-,0,0,-,0,0,-,-,-,0
Brentwood,"74,460","70,725.00",0,"70,724.98",0.95,0,0.95,"70,471.20",0,"70,471.22",0.95,0,0.95,1.9,0,-,"141,196","141,196",1.9
Brighton & Hove,"278,112","39,075.20",0,"39,075.20",0.14,0,0.14,"47,271.60",0,"47,271.58",0.17,0,0.17,0.31,0,-,"86,347","86,347",0.31
Bristol,"437,492",0,0,-,0,0,-,0,0,-,0,0,-,0,0,-,-,-,0
Broadland,"125,507",0,0,-,0,0,-,0,0,-,0,0,-,0,0,-,-,-,0
Bromley,"317,899","2,067,520.40",0,"2,067,520.39",6.5,0,6.5,"2,051,935.50",0,"2,051,935.52",6.45,0,6.45,12.96,0,-,"4,119,456","4,119,456",12.96
Bromsgrove,"94,744","118,077.20",0,"118,077.23",1.25,0,1.25,"114,228.00",0,"114,228.01",1.21,0,1.21,2.45,0,-,"232,305","232,305",2.45
Broxbourne,"94,985",0,0,-,0,0,-,0,0,-,0,0,-,0,0,-,-,-,0
Broxtowe,"111,243","5,531.30",0,"5,531.26",0.05,0,0.05,"5,508.90",0,"5,508.92",0.05,0,0.05,0.1,0,-,"11,040","11,040",0.1
Buckinghamshire,"516,109","4,635,315.10",0,"4,635,315.13",8.98,0,8.98,"4,586,546.50",0,"4,586,546.48",8.89,0,8.89,17.87,0,-,"9,221,862","9,221,862",17.87
Buckinghamshire Fire,,"88,702.20",0,"88,702.15",#DIV/0!,#DIV/0!,#DIV/0!,"111,679.40",0,"111,679.41",#DIV/0!,#DIV/0!,#DIV/0!,#DIV/0!,#DIV/0!,-,"200,382","200,382",#DIV/0!
Burnley,"86,894",0,0,-,0,0,-,0,0,-,0,0,-,0,0,-,-,-,0
Bury,"186,527","26,247.00",0,"26,246.99",0.14,0,0.14,"29,993.40",0,"29,993.44",0.16,0,0.16,0.3,0,-,"56,240","56,240",0.3
Calderdale,"206,355",0,0,-,0,0,-,0,0,-,0,0,-,0,0,-,-,-,0
Cambridge,"126,663","1,232.50",0,"1,232.48",0.01,0,0.01,"1,187.10",0,"1,187.07",0.01,0,0.01,0.02,0,-,"2,420","2,420",0.02
Cambridgeshire,"632,756","3,204,936.10",0,"3,204,936.08",5.07,0,5.07,"3,170,252.30",0,"3,170,252.26",5.01,0,5.01,10.08,0,-,"6,375,188","6,375,188",10.08
Cambridgeshire Fire,,"61,175.50",0,"61,175.54",#DIV/0!,#DIV/0!,#DIV/0!,"77,007.30",0,"77,007.30",#DIV/0!,#DIV/0!,#DIV/0!,#DIV/0!,#DIV/0!,-,"138,183","138,183",#DIV/0!
Camden,"229,719",0,0,-,0,0,-,0,0,-,0,0,-,0,0,-,-,-,0
Cannock Chase,"98,119",0,0,-,0,0,-,0,0,-,0,0,-,0,0,-,-,-,0
Canterbury,"155,307","21,156.90",0,"21,156.92",0.14,0,0.14,"21,067.30",0,"21,067.28",0.14,0,0.14,0.27,0,-,"42,224","42,224",0.27
Carlisle,"107,949","5,008.30","147,436.80","152,445.10",0.05,1.37,1.41,"4,992.10","112,278.80","117,270.94",0.05,1.04,1.09,0.09,2.41,"259,715.62","10,000","269,716",2.5
Castle Point,"88,570","86,630.30",0,"86,630.30",0.98,0,0.98,"86,320.80",0,"86,320.80",0.97,0,0.97,1.95,0,-,"172,951","172,951",1.95
Central Bedfordshire,"264,528","2,233,688.50",0,"2,233,688.48",8.44,0,8.44,"2,225,811.80",0,"2,225,811.79",8.41,0,8.41,16.86,0,-,"4,459,500","4,459,500",16.86
Charnwood,"170,645",0,0,-,0,0,-,0,0,-,0,0,-,0,0,-,-,-,0
Chelmsford,"170,256","137,837.20",0,"137,837.20",0.81,0,0.81,"137,356.60",0,"137,356.56",0.81,0,0.81,1.62,0,-,"275,194","275,194",1.62
Cheltenham,"115,900","74,461.30",0,"74,461.34",0.64,0,0.64,"74,196.90",0,"74,196.93",0.64,0,0.64,1.28,0,-,"148,658","148,658",1.28
Cherwell,"143,771",0,0,-,0,0,-,0,0,-,0,0,-,0,0,-,-,-,0
Cheshire East,"372,707","2,972,694.80",0,"2,972,694.76",7.98,0,7.98,"2,974,166.30",0,"2,974,166.33",7.98,0,7.98,15.96,0,-,"5,946,861","5,946,861",15.96
Cheshire Fire,,"62,646.70",0,"62,646.69",#DIV/0!,#DIV/0!,#DIV/0!,"78,866.50",0,"78,866.51",#DIV/0!,#DIV/0!,#DIV/0!,#DIV/0!,#DIV/0!,-,"141,513","141,513",#DIV/0!
Cheshire West & Chester,"331,026","1,429,992.40",0,"1,429,992.39",4.32,0,4.32,"1,436,346.30",0,"1,436,346.26",4.34,0,4.34,8.66,0,-,"2,866,339","2,866,339",8.66
Chesterfield,"104,030",0,0,-,0,0,-,0,0,-,0,0,-,0,0,-,-,-,0
Chichester,"115,301","93,331.70","151,722.10","245,053.77",0.81,1.32,2.13,"92,996.10","115,542.20","208,538.28",0.81,1,1.81,1.62,2.32,"267,264.25","186,328","453,592",3.93
Chiltern,"93,250","134,402.70",0,"134,402.75",1.44,0,1.44,"100,149.60",0,"100,149.65",1.07,0,1.07,2.52,0,-,"234,552","234,552",2.52
Chorley,"110,505","27,013.60",0,"27,013.64",0.24,0,0.24,"26,917.90",0,"26,917.89",0.24,0,0.24,0.49,0,-,"53,932","53,932",0.49
Christchurch,"48,368","54,007.80",0,"54,007.83",1.12,0,1.12,"53,807.00",0,"53,807.05",1.11,0,1.11,2.23,0,-,"107,815","107,815",2.23
City of London,"7,648",0,0,-,0,0,-,0,0,-,0,0,-,0,0,-,-,-,0
Cleveland Fire,,0,0,-,#DIV/0!,#DIV/0!,#DIV/0!,0,0,-,#DIV/0!,#DIV/0!,#DIV/0!,#DIV/0!,#DIV/0!,-,-,-,#DIV/0!
Colchester,"177,626","88,050.20",0,"88,050.23",0.5,0,0.5,"87,736.40",0,"87,736.44",0.49,0,0.49,0.99,0,-,"175,787","175,787",0.99
Copeland,"70,019",0,"38,827.20","38,827.21",0,0.55,0.55,0,"29,568.40","29,568.41",0,0.42,0.42,0,0.98,"68,395.63",-,"68,396",0.98
Corby,"64,213",0,0,-,0,0,-,0,0,-,0,0,-,0,0,-,-,-,0
Cornwall,"541,319",0,"3,164,167.20","3,164,167.16",0,5.85,5.85,0,"2,409,635.00","2,409,634.99",0,4.45,4.45,0,10.3,"5,573,802.15",-,"5,573,802",10.3
Cotswold,"84,079","42,940.70","483,434.30","526,375.03",0.51,5.75,6.26,"42,785.40","368,153.80","410,939.22",0.51,4.38,4.89,1.02,10.13,"851,588.10","85,726","937,314",11.15
Coventry,"329,810",0,0,-,0,0,-,0,0,-,0,0,-,0,0,-,-,-,0
Craven,"55,540","21,218.60","224,622.50","245,841.05",0.38,4.04,4.43,"21,133.90","171,058.70","192,192.61",0.38,3.08,3.46,0.76,7.12,"395,681.15","42,353","438,034",7.89
Crawley,"108,971",0,0,-,0,0,-,0,0,-,0,0,-,0,0,-,-,-,0
Croydon,"372,752","417,702.70",0,"417,702.73",1.12,0,1.12,"417,842.10",0,"417,842.09",1.12,0,1.12,2.24,0,-,"835,545","835,545",2.24
Cumbria,"498,070","889,541.90","4,659,354.20","5,548,896.11",1.79,9.35,11.14,"893,284.20","3,548,277.40","4,441,561.60",1.79,7.12,8.92,3.58,16.48,"8,207,631.65","1,782,826","9,990,458",20.06
Dacorum,"148,196","125,708.80",0,"125,708.81",0.85,0,0.85,"125,269.80",0,"125,269.84",0.85,0,0.85,1.69,0,-,"250,979","250,979",1.69
Darlington,"105,396",0,0,-,0,0,-,0,0,-,0,0,-,0,0,-,-,-,0
Dartford,"100,569","19,747.40",0,"19,747.41",0.2,0,0.2,"19,672.60",0,"19,672.62",0.2,0,0.2,0.39,0,-,"39,420","39,420",0.39
Daventry,"78,556","3,050.10","148,997.90","152,048.03",0.04,1.9,1.94,"3,035.50","113,467.60","116,503.07",0.04,1.44,1.48,0.08,3.34,"262,465.51","6,086","268,551",3.42
Derby,"251,423",0,0,-,0,0,-,0,0,-,0,0,-,0,0,-,-,-,0
Derbyshire,"776,160","1,142,756.10",0,"1,142,756.09",1.47,0,1.47,"1,124,473.70",0,"1,124,473.74",1.45,0,1.45,2.92,0,-,"2,267,230","2,267,230",2.92
Derbyshire Dales,"71,266","77,226.00","321,933.70","399,159.70",1.08,4.52,5.6,"76,941.10","245,164.90","322,105.93",1.08,3.44,4.52,2.16,7.96,"567,098.54","154,167","721,266",10.12
Derbyshire Fire,,"28,962.40",0,"28,962.43",#DIV/0!,#DIV/0!,#DIV/0!,"36,456.80",0,"36,456.81",#DIV/0!,#DIV/0!,#DIV/0!,#DIV/0!,#DIV/0!,-,"65,419","65,419",#DIV/0!
Devon,"758,052","2,823,277.40","5,982,657.70","8,805,935.12",3.72,7.89,11.62,"2,810,545.80","4,556,024.00","7,366,569.72",3.71,6.01,9.72,7.43,13.9,"10,538,681.69","5,633,823","16,172,505",21.33
Devon and Somerset Fire,,"149,344.80","340,024.70","489,369.47",#DIV/0!,#DIV/0!,#DIV/0!,"188,007.20","258,941.90","446,949.04",#DIV/0!,#DIV/0!,#DIV/0!,#DIV/0!,#DIV/0!,"598,966.55","337,352","936,319",#DIV/0!
Doncaster,"303,622",0,0,-,0,0,-,0,0,-,0,0,-,0,0,-,-,-,0
Dorset,"416,721","2,967,868.00","1,220,123.90","4,187,991.88",7.12,2.93,10.05,"2,947,278.40","929,171.30","3,876,449.68",7.07,2.23,9.3,14.19,5.16,"2,149,295.22","5,915,146","8,064,442",19.35
Dorset and Wiltshire Fire,,"166,764.70","39,427.50","206,192.17",#DIV/0!,#DIV/0!,#DIV/0!,"209,943.30","30,025.50","239,968.85",#DIV/0!,#DIV/0!,#DIV/0!,#DIV/0!,#DIV/0!,"69,453.00","376,708","446,161",#DIV/0!
Dover,"112,338",0,0,-,0,0,-,0,0,-,0,0,-,0,0,-,-,-,0
Dudley,"314,427",0,0,-,0,0,-,0,0,-,0,0,-,0,0,-,-,-,0
Durham,"515,957",0,0,-,0,0,-,0,0,-,0,0,-,0,0,-,-,-,0
Durham Fire,,"6,095.20",0,"6,095.20",#DIV/0!,#DIV/0!,#DIV/0!,"7,677.20",0,"7,677.20",#DIV/0!,#DIV/0!,#DIV/0!,#DIV/0!,#DIV/0!,-,"13,772","13,772",#DIV/0!
Ealing,"342,494",0,0,-,0,0,-,0,0,-,0,0,-,0,0,-,-,-,0
East Cambridgeshire,"85,899",0,"129,683.60","129,683.60",0,1.51,1.51,0,"98,759.00","98,759.05",0,1.15,1.15,0,2.66,"228,442.65",-,"228,443",2.66
East Devon,"134,898","62,355.90","181,030.30","243,386.24",0.46,1.34,1.8,"62,132.30","137,861.50","199,993.87",0.46,1.02,1.48,0.92,2.36,"318,891.87","124,488","443,380",3.29
East Dorset,"87,899","145,424.70",0,"145,424.72",1.65,0,1.65,"80,363.30",0,"80,363.25",0.91,0,0.91,2.57,0,-,"225,788","225,788",2.57
East Hampshire,"117,088","96,440.60",0,"96,440.56",0.82,0,0.82,"96,092.70",0,"96,092.66",0.82,0,0.82,1.64,0,-,"192,533","192,533",1.64
East Hertfordshire,"141,076","120,308.50",0,"120,308.46",0.85,0,0.85,"119,886.80",0,"119,886.79",0.85,0,0.85,1.7,0,-,"240,195","240,195",1.7
East Lindsey,"136,711",0,"533,119.40","533,119.40",0,3.9,3.9,0,"405,990.90","405,990.93",0,2.97,2.97,0,6.87,"939,110.33",-,"939,110",6.87
East Northamptonshire,"87,987",0,"27,041.90","27,041.87",0,0.31,0.31,0,"20,593.40","20,593.42",0,0.23,0.23,0,0.54,"47,635.30",-,"47,635",0.54
East Riding of Yorkshire,"336,007","753,026.80","1,497,033.10","2,250,059.98",2.24,4.46,6.7,"759,636.40","1,140,048.30","1,899,684.68",2.26,3.39,5.65,4.5,7.85,"2,637,081.47","1,512,663","4,149,745",12.35
East Staffordshire,"114,922","14,848.80",0,"14,848.75",0.13,0,0.13,"14,799.00",0,"14,798.95",0.13,0,0.13,0.26,0,-,"29,648","29,648",0.26
East Sussex,"534,402","2,703,735.50",0,"2,703,735.54",5.06,0,5.06,"2,696,259.30",0,"2,696,259.32",5.05,0,5.05,10.1,0,-,"5,399,995","5,399,995",10.1
East Sussex Fire,,"96,834.20",0,"96,834.24",#DIV/0!,#DIV/0!,#DIV/0!,"121,903.70",0,"121,903.70",#DIV/0!,#DIV/0!,#DIV/0!,#DIV/0!,#DIV/0!,-,"218,738","218,738",#DIV/0!
Eastbourne,"100,537","30,605.20",0,"30,605.22",0.3,0,0.3,"30,490.20",0,"30,490.22",0.3,0,0.3,0.61,0,-,"61,095","61,095",0.61
Eastleigh,"127,722","28,570.10",0,"28,570.07",0.22,0,0.22,"28,468.90",0,"28,468.91",0.22,0,0.22,0.45,0,-,"57,039","57,039",0.45
Eden,"52,607","18,285.00","543,784.00","562,068.95",0.35,10.34,10.68,"18,208.00","414,112.40","432,320.36",0.35,7.87,8.22,0.69,18.21,"957,896.37","36,493","994,389",18.9
Elmbridge,"132,179","256,223.10",0,"256,223.06",1.94,0,1.94,"190,304.70",0,"190,304.67",1.44,0,1.44,3.38,0,-,"446,528","446,528",3.38
Enfield,"320,524",0,0,-,0,0,-,0,0,-,0,0,-,0,0,-,-,-,0
England,"53,865,817","150,000,000.00","65,000,000.00","215,000,000.00",2.78,1.21,3.99,"150,000,000.00","49,500,000.00","199,500,000.00",2.78,0.92,3.7,5.57,2.13,"114,500,000.00","300,000,000","414,500,000",7.7
Epping Forest,"127,170","53,545.40",0,"53,545.37",0.42,0,0.42,"53,354.90",0,"53,354.88",0.42,0,0.42,0.84,0,-,"106,900","106,900",0.84
Epsom and Ewell,"77,131","92,965.10",0,"92,965.07",1.21,0,1.21,"82,624.50",0,"82,624.46",1.07,0,1.07,2.28,0,-,"175,590","175,590",2.28
Erewash,"113,170",0,0,-,0,0,-,0,0,-,0,0,-,0,0,-,-,-,0
Essex,"1,416,405","6,960,324.70",0,"6,960,324.67",4.91,0,4.91,"6,972,141.50",0,"6,972,141.48",4.92,0,4.92,9.84,0,-,"13,932,466","13,932,466",9.84
Essex Fire Auhtority,,"86,639.70",0,"86,639.65",#DIV/0!,#DIV/0!,#DIV/0!,"109,055.80",0,"109,055.77",#DIV/0!,#DIV/0!,#DIV/0!,#DIV/0!,#DIV/0!,-,"195,695","195,695",#DIV/0!
Exeter,"121,800",0,0,-,0,0,-,0,0,-,0,0,-,0,0,-,-,-,0
Fareham,"113,614","73,895.30",0,"73,895.26",0.65,0,0.65,"73,631.20",0,"73,631.19",0.65,0,0.65,1.3,0,-,"147,526","147,526",1.3
Fenland,"96,738","1,580.80",0,"1,580.82",0.02,0,0.02,"1,578.20",0,"1,578.22",0.02,0,0.02,0.03,0,-,"3,159","3,159",0.03
Forest Heath,"61,243",0,"17,529.50","17,529.53",0,0.29,0.29,0,"13,349.40","13,349.41",0,0.22,0.22,0,0.5,"30,878.95",-,"30,879",0.5
Forest of Dean,"82,937",0,"100,498.90","100,498.91",0,1.21,1.21,0,"76,533.80","76,533.79",0,0.92,0.92,0,2.13,"177,032.70",-,"177,033",2.13
Fylde,"76,442","55,774.90",0,"55,774.85",0.73,0,0.73,"55,574.90",0,"55,574.94",0.73,0,0.73,1.46,0,-,"111,350","111,350",1.46
Gateshead,"199,998",0,0,-,0,0,-,0,0,-,0,0,-,0,0,-,-,-,0
Gedling,"114,818",0,0,-,0,0,-,0,0,-,0,0,-,0,0,-,-,-,0
Gloucester,"124,562","10,091.60",0,"10,091.61",0.08,0,0.08,"10,030.40",0,"10,030.41",0.08,0,0.08,0.16,0,-,"20,122","20,122",0.16
Gloucestershire,"605,654","2,474,936.50",0,"2,474,936.48",4.09,0,4.09,"2,482,085.60",0,"2,482,085.56",4.1,0,4.1,8.18,0,-,"4,957,022","4,957,022",8.18
Gosport,"83,503","24,258.30",0,"24,258.28",0.29,0,0.29,"24,168.40",0,"24,168.38",0.29,0,0.29,0.58,0,-,"48,427","48,427",0.58
Gravesham,"103,752","11,249.70",0,"11,249.67",0.11,0,0.11,"11,206.60",0,"11,206.64",0.11,0,0.11,0.22,0,-,"22,456","22,456",0.22
Great Yarmouth,"97,803",0,0,-,0,0,-,0,0,-,0,0,-,0,0,-,-,-,0
Greater London Authority,,0,0,-,#DIV/0!,#DIV/0!,#DIV/0!,0,0,-,#DIV/0!,#DIV/0!,#DIV/0!,#DIV/0!,#DIV/0!,-,-,-,#DIV/0!
Greater Manchester Fire,,0,0,-,#DIV/0!,#DIV/0!,#DIV/0!,0,0,-,#DIV/0!,#DIV/0!,#DIV/0!,#DIV/0!,#DIV/0!,-,-,-,#DIV/0!
Greenwich,"264,008",0,0,-,0,0,-,0,0,-,0,0,-,0,0,-,-,-,0
Guildford,"141,009","102,174.20",0,"102,174.15",0.72,0,0.72,"101,788.70",0,"101,788.72",0.72,0,0.72,1.45,0,-,"203,963","203,963",1.45
Hackney,"257,379",0,0,-,0,0,-,0,0,-,0,0,-,0,0,-,-,-,0
Halton,"125,970",0,0,-,0,0,-,0,0,-,0,0,-,0,0,-,-,-,0
Hambleton,"89,915",0,"504,627.30","504,627.28",0,5.61,5.61,0,"384,293.10","384,293.08",0,4.27,4.27,0,9.89,"888,920.36",-,"888,920",9.89
Hammersmith and Fulham,"178,685",0,0,-,0,0,-,0,0,-,0,0,-,0,0,-,-,-,0
Hampshire,"1,337,730","9,351,438.60",0,"9,351,438.57",6.99,0,6.99,"9,337,827.90",0,"9,337,827.90",6.98,0,6.98,13.97,0,-,"18,689,266","18,689,266",13.97
Hampshire Fire,,"99,786.50",0,"99,786.47",#DIV/0!,#DIV/0!,#DIV/0!,"125,631.30",0,"125,631.35",#DIV/0!,#DIV/0!,#DIV/0!,#DIV/0!,#DIV/0!,-,"225,418","225,418",#DIV/0!
Harborough,"87,450","64,510.40","107,772.40","172,282.79",0.74,1.23,1.97,"64,275.10","82,072.80","146,347.88",0.73,0.94,1.67,1.47,2.17,"189,845.20","128,785","318,631",3.64
Haringey,"263,386",0,0,-,0,0,-,0,0,-,0,0,-,0,0,-,-,-,0
Harlow,"83,372","25,365.90",0,"25,365.93",0.3,0,0.3,"25,267.70",0,"25,267.69",0.3,0,0.3,0.61,0,-,"50,634","50,634",0.61
Harrogate,"158,237","193,778.70","192,940.70","386,719.37",1.22,1.22,2.44,"193,102.30","146,931.80","340,034.07",1.22,0.93,2.15,2.44,2.15,"339,872.47","386,881","726,753",4.59
Harrow,"243,373","711,791.00",0,"711,790.98",2.92,0,2.92,"699,224.00",0,"699,224.00",2.87,0,2.87,5.8,0,-,"1,411,015","1,411,015",5.8
Hart,"92,720","108,546.00",0,"108,546.01",1.17,0,1.17,"108,146.30",0,"108,146.26",1.17,0,1.17,2.34,0,-,"216,692","216,692",2.34
Hartlepool,"92,665",0,0,-,0,0,-,0,0,-,0,0,-,0,0,-,-,-,0
Hastings,"90,754","5,492.80",0,"5,492.85",0.06,0,0.06,"5,466.50",0,"5,466.50",0.06,0,0.06,0.12,0,-,"10,959","10,959",0.12
Havant,"121,562","48,634.00",0,"48,633.98",0.4,0,0.4,"48,461.90",0,"48,461.94",0.4,0,0.4,0.8,0,-,"97,096","97,096",0.8
Havering,"242,080","1,372,537.90",0,"1,372,537.92",5.67,0,5.67,"1,360,027.80",0,"1,360,027.79",5.62,0,5.62,11.29,0,-,"2,732,566","2,732,566",11.29
Hereford & Worcester Fire,,"113,064.00","87,569.40","200,633.35",#DIV/0!,#DIV/0!,#DIV/0!,"142,347.00","66,687.40","209,034.46",#DIV/0!,#DIV/0!,#DIV/0!,#DIV/0!,#DIV/0!,"154,256.78","255,411","409,668",#DIV/0!
Herefordshire,"186,087","571,943.20","4,093,126.10","4,665,069.37",3.07,22,25.07,"576,325.90","3,117,073.00","3,693,398.82",3.1,16.75,19.85,6.17,38.75,"7,210,199.10","1,148,269","8,358,468",44.92
Hertfordshire,"1,140,703","7,759,635.10",0,"7,759,635.10",6.8,0,6.8,"7,849,394.20",0,"7,849,394.24",6.88,0,6.88,13.68,0,-,"15,609,029","15,609,029",13.68
Hertsmere,"101,272","39,715.80",0,"39,715.82",0.39,0,0.39,"39,574.40",0,"39,574.40",0.39,0,0.39,0.78,0,-,"79,290","79,290",0.78
High Peak,"91,111","31,206.90",0,"31,206.94",0.34,0,0.34,"31,087.90",0,"31,087.93",0.34,0,0.34,0.68,0,-,"62,295","62,295",0.68
Hillingdon,"286,808","516,524.60",0,"516,524.64",1.8,0,1.8,"514,821.10",0,"514,821.09",1.8,0,1.8,3.6,0,-,"1,031,346","1,031,346",3.6
Hinckley and Bosworth,"106,613",0,0,-,0,0,-,0,0,-,0,0,-,0,0,-,-,-,0
Horsham,"132,878","134,466.80","8,179.10","142,645.89",1.01,0.06,1.07,"133,986.70","6,228.70","140,215.39",1.01,0.05,1.06,2.02,0.11,"14,407.81","268,453","282,861",2.13
Hounslow,"262,407",0,0,-,0,0,-,0,0,-,0,0,-,0,0,-,-,-,0
Humberside Fire,,0,0,-,#DIV/0!,#DIV/0!,#DIV/0!,0,0,-,#DIV/0!,#DIV/0!,#DIV/0!,#DIV/0!,#DIV/0!,-,-,-,#DIV/0!
Huntingdonshire,"171,989",0,"34,182.50","34,182.51",0,0.2,0.2,0,"26,031.30","26,031.30",0,0.15,0.15,0,0.35,"60,213.81",-,"60,214",0.35
Hyndburn,"80,046",0,0,-,0,0,-,0,0,-,0,0,-,0,0,-,-,-,0
Ipswich,"134,701","119,789.80",0,"119,789.78",0.89,0,0.89,"119,371.50",0,"119,371.49",0.89,0,0.89,1.78,0,-,"239,161","239,161",1.78
Isle of Wight Council,"138,393",0,0,-,0,0,-,0,0,-,0,0,-,0,0,-,-,-,0
Isles of Scilly,"2,251",0,0,-,0,0,-,0,0,-,0,0,-,0,0,-,-,-,0
Islington,"215,671",0,0,-,0,0,-,0,0,-,0,0,-,0,0,-,-,-,0
Kensington and Chelsea,"155,594",0,0,-,0,0,-,0,0,-,0,0,-,0,0,-,-,-,0
Kent,"1,493,512","5,682,305.40",0,"5,682,305.38",3.8,0,3.8,"5,684,707.30",0,"5,684,707.33",3.81,0,3.81,7.61,0,-,"11,367,013","11,367,013",7.61
Kent Fire,,"141,239.20",0,"141,239.22",#DIV/0!,#DIV/0!,#DIV/0!,"177,812.70",0,"177,812.74",#DIV/0!,#DIV/0!,#DIV/0!,#DIV/0!,#DIV/0!,-,"319,052","319,052",#DIV/0!
Kettering,"95,754","50,112.70",0,"50,112.67",0.52,0,0.52,"49,929.90",0,"49,929.85",0.52,0,0.52,1.04,0,-,"100,043","100,043",1.04
King's Lynn and West Norfolk,"149,265",0,"371,406.90","371,406.90",0,2.49,2.49,0,"282,840.60","282,840.64",0,1.89,1.89,0,4.38,"654,247.54",-,"654,248",4.38
Kingston upon Hull,"257,589",0,0,-,0,0,-,0,0,-,0,0,-,0,0,-,-,-,0
Kingston upon Thames,"166,793","1,305,156.80",0,"1,305,156.77",7.83,0,7.83,"1,287,772.50",0,"1,287,772.45",7.72,0,7.72,15.55,0,-,"2,592,929","2,592,929",15.55
Kirklees,"428,279",0,0,-,0,0,-,0,0,-,0,0,-,0,0,-,-,-,0
Knowsley,"146,086",0,0,-,0,0,-,0,0,-,0,0,-,0,0,-,-,-,0
Lambeth,"314,242",0,0,-,0,0,-,0,0,-,0,0,-,0,0,-,-,-,0
Lancashire,"1,180,077","1,108,338.00",0,"1,108,337.99",0.94,0,0.94,"1,153,803.80",0,"1,153,803.77",0.98,0,0.98,1.92,0,-,"2,262,142","2,262,142",1.92
Lancashire Fire,,0,0,-,#DIV/0!,#DIV/0!,#DIV/0!,0,0,-,#DIV/0!,#DIV/0!,#DIV/0!,#DIV/0!,#DIV/0!,-,-,-,#DIV/0!
Lancaster,"140,575",0,0,-,0,0,-,0,0,-,0,0,-,0,0,-,-,-,0
Leeds,"761,488",0,0,-,0,0,-,0,0,-,0,0,-,0,0,-,-,-,0
Leicester,"333,812",0,0,-,0,0,-,0,0,-,0,0,-,0,0,-,-,-,0
Leicestershire,"661,575","3,307,283.60",0,"3,307,283.59",5,0,5,"3,305,816.30",0,"3,305,816.35",5,0,5,10,0,-,"6,613,100","6,613,100",10
Leicestershire Fire,,0,0,-,#DIV/0!,#DIV/0!,#DIV/0!,0,0,-,#DIV/0!,#DIV/0!,#DIV/0!,#DIV/0!,#DIV/0!,-,-,-,#DIV/0!
Lewes,"99,479","83,951.30",0,"83,951.31",0.84,0,0.84,"83,650.20",0,"83,650.17",0.84,0,0.84,1.68,0,-,"167,601","167,601",1.68
Lewisham,"286,180",0,0,-,0,0,-,0,0,-,0,0,-,0,0,-,-,-,0
Lichfield,"101,768","51,938.70",0,"51,938.70",0.51,0,0.51,"51,751.20",0,"51,751.24",0.51,0,0.51,1.02,0,-,"103,690","103,690",1.02
Lincoln,"95,629",0,0,-,0,0,-,0,0,-,0,0,-,0,0,-,-,-,0
Lincolnshire,"724,369","11,388.30","5,565,062.80","5,576,451.11",0.02,7.68,7.7,"9,446.80","4,238,009.40","4,247,456.14",0.01,5.85,5.86,0.03,13.53,"9,803,072.23","20,835","9,823,907",13.56
Liverpool,"470,780",0,0,-,0,0,-,0,0,-,0,0,-,0,0,-,-,-,0
Luton,"207,989",0,0,-,0,0,-,0,0,-,0,0,-,0,0,-,-,-,0
Maidstone,"159,325","221,641.20",0,"221,641.19",1.39,0,1.39,"171,971.40",0,"171,971.43",1.08,0,1.08,2.47,0,-,"393,613","393,613",2.47
Maldon,"62,166","40,225.70","24,730.10","64,955.76",0.65,0.4,1.04,"40,076.70","18,832.90","58,909.62",0.64,0.3,0.95,1.29,0.7,"43,563.05","80,302","123,865",1.99
Malvern Hills,"75,339","22,740.90","182,543.40","205,284.32",0.3,2.42,2.72,"22,651.20","139,013.80","161,665.07",0.3,1.85,2.15,0.6,4.27,"321,557.27","45,392","366,949",4.87
Manchester,"514,417",0,0,-,0,0,-,0,0,-,0,0,-,0,0,-,-,-,0
Mansfield,"105,296",0,0,-,0,0,-,0,0,-,0,0,-,0,0,-,-,-,0
Medway,"271,105","342,767.30",0,"342,767.28",1.26,0,1.26,"343,976.70",0,"343,976.73",1.27,0,1.27,2.53,0,-,"686,744","686,744",2.53
Melton,"50,836","27,930.20","145,816.30","173,746.52",0.55,2.87,3.42,"27,822.50","111,044.70","138,867.28",0.55,2.18,2.73,1.1,5.05,"256,861.06","55,753","312,614",6.15
Mendip,"110,181","20,434.20","195,219.90","215,654.08",0.19,1.77,1.96,"20,348.80","148,667.50","169,016.30",0.18,1.35,1.53,0.37,3.12,"343,887.39","40,783","384,670",3.49
Merseyside Fire,,0,0,-,#DIV/0!,#DIV/0!,#DIV/0!,0,0,-,#DIV/0!,#DIV/0!,#DIV/0!,#DIV/0!,#DIV/0!,-,-,-,#DIV/0!
Merton,"203,223","566,855.00",0,"566,855.03",2.79,0,2.79,"556,582.10",0,"556,582.12",2.74,0,2.74,5.53,0,-,"1,123,437","1,123,437",5.53
Mid Devon,"78,670","31,631.40","374,508.70","406,140.08",0.4,4.76,5.16,"31,516.80","285,202.80","316,719.62",0.4,3.63,4.03,0.8,8.39,"659,711.52","63,148","722,860",9.19
Mid Suffolk,"98,017","39,425.80","347,457.10","386,882.95",0.4,3.54,3.95,"39,284.30","264,602.00","303,886.30",0.4,2.7,3.1,0.8,6.24,"612,059.12","78,710","690,769",7.05
Mid Sussex,"142,766","145,326.80",0,"145,326.79",1.02,0,1.02,"144,811.10",0,"144,811.12",1.01,0,1.01,2.03,0,-,"290,138","290,138",2.03
Middlesbrough,"138,939",0,0,-,0,0,-,0,0,-,0,0,-,0,0,-,-,-,0
Milton Keynes,"255,702","27,575.50",0,"27,575.50",0.11,0,0.11,"4,158.00",0,"4,157.97",0.02,0,0.02,0.12,0,-,"31,733","31,733",0.12
Mole Valley,"86,309","119,308.40",0,"119,308.37",1.38,0,1.38,"71,307.30",0,"71,307.26",0.83,0,0.83,2.21,0,-,"190,616","190,616",2.21
New Forest,"178,062","111,115.20",0,"111,115.20",0.62,0,0.62,"110,730.00",0,"110,729.97",0.62,0,0.62,1.25,0,-,"221,845","221,845",1.25
Newark and Sherwood,"116,817",0,"30,480.00","30,479.98",0,0.26,0.26,0,"23,211.70","23,211.68",0,0.2,0.2,0,0.46,"53,691.67",-,"53,692",0.46
Newcastle upon Tyne,"286,821",0,0,-,0,0,-,0,0,-,0,0,-,0,0,-,-,-,0
Newcastle-under-Lyme,"125,239",0,0,-,0,0,-,0,0,-,0,0,-,0,0,-,-,-,0
Newham,"318,227",0,0,-,0,0,-,0,0,-,0,0,-,0,0,-,-,-,0
Norfolk,"871,040","1,601,674.90","3,195,010.60","4,796,685.57",1.84,3.67,5.51,"1,657,486.90","2,433,123.50","4,090,610.34",1.9,2.79,4.7,3.74,6.46,"5,628,134.11","3,259,162","8,887,296",10.2
North Devon,"93,825",0,"248,918.70","248,918.68",0,2.65,2.65,0,"189,561.10","189,561.15",0,2.02,2.02,0,4.67,"438,479.83",-,"438,480",4.67
North Dorset,"69,883",0,"244,752.40","244,752.37",0,3.5,3.5,0,"186,388.30","186,388.34",0,2.67,2.67,0,6.17,"431,140.71",-,"431,141",6.17
North East Derbyshire,"99,281","5,085.20",0,"5,085.20",0.05,0,0.05,"5,062.20",0,"5,062.19",0.05,0,0.05,0.1,0,-,"10,147","10,147",0.1
North East Lincolnshire,"159,827",0,0,-,0,0,-,0,0,-,0,0,-,0,0,-,-,-,0
North Hertfordshire,"129,318","144,732.00",0,"144,731.97",1.12,0,1.12,"140,623.20",0,"140,623.23",1.09,0,1.09,2.21,0,-,"285,355","285,355",2.21
North Kesteven,"109,814",0,"288,500.70","288,500.69",0,2.63,2.63,0,"219,704.40","219,704.37",0,2,2,0,4.63,"508,205.06",-,"508,205",4.63
North Lincolnshire,"168,760",0,"164,920.40","164,920.38",0,0.98,0.98,0,"125,593.20","125,593.21",0,0.74,0.74,0,1.72,"290,513.60",-,"290,514",1.72
North Norfolk,"102,049",0,"388,211.60","388,211.62",0,3.8,3.8,0,"295,638.10","295,638.08",0,2.9,2.9,0,6.7,"683,849.70",-,"683,850",6.7
North Somerset,"206,135","953,233.00",0,"953,233.05",4.62,0,4.62,"930,587.20",0,"930,587.24",4.51,0,4.51,9.14,0,-,"1,883,820","1,883,820",9.14
North Tyneside,"202,152",0,0,-,0,0,-,0,0,-,0,0,-,0,0,-,-,-,0
North Warwickshire,"62,124","21,100.00",0,"21,100.04",0.34,0,0.34,"21,020.80",0,"21,020.80",0.34,0,0.34,0.68,0,-,"42,121","42,121",0.68
North West Leicestershire,"94,814","25,918.40",0,"25,918.36",0.27,0,0.27,"25,825.50",0,"25,825.52",0.27,0,0.27,0.55,0,-,"51,744","51,744",0.55
North Yorkshire,"602,741","2,992,338.00","6,648,219.60","9,640,557.56",4.96,11.03,15.99,"2,961,924.20","5,062,874.90","8,024,799.13",4.91,8.4,13.31,9.88,19.43,"11,711,094.51","5,954,262","17,665,357",29.31
North Yorkshire Fire,,"74,473.10","412,997.90","487,470.96",#DIV/0!,#DIV/0!,#DIV/0!,"93,764.70","314,513.80","408,278.50",#DIV/0!,#DIV/0!,#DIV/0!,#DIV/0!,#DIV/0!,"727,511.64","168,238","895,749",#DIV/0!
Northampton,"216,740","23,746.10",0,"23,746.09",0.11,0,0.11,"23,672.30",0,"23,672.27",0.11,0,0.11,0.22,0,-,"47,418","47,418",0.22
Northamptonshire,"706,433","1,691,331.60",0,"1,691,331.58",2.39,0,2.39,"1,701,582.60",0,"1,701,582.60",2.41,0,2.41,4.8,0,-,"3,392,914","3,392,914",4.8
Northumberland,"315,806","265,636.80","1,877,979.30","2,143,616.13",0.84,5.95,6.79,"277,605.50","1,430,153.50","1,707,758.97",0.88,4.53,5.41,1.72,10.48,"3,308,132.74","543,242","3,851,375",12.2
Norwich,"135,900",0,0,-,0,0,-,0,0,-,0,0,-,0,0,-,-,-,0
Nottingham,"310,837",0,0,-,0,0,-,0,0,-,0,0,-,0,0,-,-,-,0
Nottinghamshire,"796,216","1,979,632.60",0,"1,979,632.64",2.49,0,2.49,"1,984,456.40",0,"1,984,456.38",2.49,0,2.49,4.98,0,-,"3,964,089","3,964,089",4.98
Nottinghamshire Fire,,0,0,-,#DIV/0!,#DIV/0!,#DIV/0!,0,0,-,#DIV/0!,#DIV/0!,#DIV/0!,#DIV/0!,#DIV/0!,-,-,-,#DIV/0!
Nuneaton and Bedworth,"126,003","21,418.60",0,"21,418.58",0.17,0,0.17,"21,345.80",0,"21,345.80",0.17,0,0.17,0.34,0,-,"42,764","42,764",0.34
Oadby and Wigston,"56,125","20,389.60",0,"20,389.57",0.36,0,0.36,"20,311.50",0,"20,311.45",0.36,0,0.36,0.73,0,-,"40,701","40,701",0.73
Oldham,"227,312",0,0,-,0,0,-,0,0,-,0,0,-,0,0,-,-,-,0
Oxford,"154,773","55,490.40",0,"55,490.40",0.36,0,0.36,"55,229.50",0,"55,229.46",0.36,0,0.36,0.72,0,-,"110,720","110,720",0.72
Oxfordshire,"666,197","4,454,055.80",0,"4,454,055.81",6.69,0,6.69,"4,462,797.80",0,"4,462,797.83",6.7,0,6.7,13.38,0,-,"8,916,854","8,916,854",13.38
Pendle,"90,131",0,0,-,0,0,-,0,0,-,0,0,-,0,0,-,-,-,0
Peterborough,"188,399",0,0,-,0,0,-,0,0,-,0,0,-,0,0,-,-,-,0
Plymouth,"259,175",0,0,-,0,0,-,0,0,-,0,0,-,0,0,-,-,-,0
Poole,"149,009","871,895.80",0,"871,895.81",5.85,0,5.85,"862,237.10",0,"862,237.06",5.79,0,5.79,11.64,0,-,"1,734,133","1,734,133",11.64
Portsmouth,"207,460",0,0,-,0,0,-,0,0,-,0,0,-,0,0,-,-,-,0
Preston,"140,419",0,0,-,0,0,-,0,0,-,0,0,-,0,0,-,-,-,0
Purbeck,"45,411","32,572.30","40,628.90","73,201.16",0.72,0.89,1.61,"32,449.40","30,940.40","63,389.87",0.71,0.68,1.4,1.43,1.58,"71,569.31","65,022","136,591",3.01
Reading,"159,247","412,767.40",0,"412,767.41",2.59,0,2.59,"387,368.20",0,"387,368.18",2.43,0,2.43,5.02,0,-,"800,136","800,136",5.02
Redbridge,"288,272",0,0,-,0,0,-,0,0,-,0,0,-,0,0,-,-,-,0
Redcar and Cleveland,"134,945",0,0,-,0,0,-,0,0,-,0,0,-,0,0,-,-,-,0
Redditch,"84,521","44,253.00",0,"44,253.03",0.52,0,0.52,"44,090.30",0,"44,090.31",0.52,0,0.52,1.05,0,-,"88,343","88,343",1.05
Reigate and Banstead,"141,073","220,463.30",0,"220,463.30",1.56,0,1.56,"128,405.80",0,"128,405.77",0.91,0,0.91,2.47,0,-,"348,869","348,869",2.47
Ribble Valley,"57,858","20,424.10","86,603.00","107,027.06",0.35,1.5,1.85,"20,344.90","65,951.50","86,296.34",0.35,1.14,1.49,0.7,2.64,"152,554.43","40,769","193,323",3.34
Richmond upon Thames,"191,365","2,910,224.80",0,"2,910,224.81",15.21,0,15.21,"2,919,804.80",0,"2,919,804.82",15.26,0,15.26,30.47,0,-,"5,830,030","5,830,030",30.47
Richmondshire,"53,886","32,360.00","290,400.90","322,760.90",0.6,5.39,5.99,"32,237.10","221,151.50","253,388.58",0.6,4.1,4.7,1.2,9.49,"511,552.37","64,597","576,149",10.69
Rochdale,"212,120",0,0,-,0,0,-,0,0,-,0,0,-,0,0,-,-,-,0
Rochford,"83,911","94,909.10",0,"94,909.15",1.13,0,1.13,"94,571.10",0,"94,571.14",1.13,0,1.13,2.26,0,-,"189,480","189,480",2.26
Rossendale,"68,744","33,282.60",0,"33,282.63",0.48,0,0.48,"33,159.50",0,"33,159.49",0.48,0,0.48,0.97,0,-,"66,442","66,442",0.97
Rother,"91,054","71,641.00","49,271.10","120,912.07",0.79,0.54,1.33,"71,382.60","37,521.80","108,904.43",0.78,0.41,1.2,1.57,0.95,"86,792.94","143,024","229,816",2.52
Rotherham,"258,689",0,0,-,0,0,-,0,0,-,0,0,-,0,0,-,-,-,0
Rugby,"101,373","45,875.80",0,"45,875.79",0.45,0,0.45,"45,711.10",0,"45,711.15",0.45,0,0.45,0.9,0,-,"91,587","91,587",0.9
Runnymede,"83,448","39,827.20",0,"39,827.19",0.48,0,0.48,"39,679.40",0,"39,679.40",0.48,0,0.48,0.95,0,-,"79,507","79,507",0.95
Rushcliffe,"112,835","33,708.00",0,"33,708.01",0.3,0,0.3,"33,587.80",0,"33,587.81",0.3,0,0.3,0.6,0,-,"67,296","67,296",0.6
Rushmoor,"94,971","40,327.20",0,"40,327.20",0.42,0,0.42,"40,179.20",0,"40,179.18",0.42,0,0.42,0.85,0,-,"80,506","80,506",0.85
Rutland,"37,606","339,931.70","680,891.40","1,020,823.09",9.04,18.11,27.15,"336,572.80","518,525.00","855,097.79",8.95,13.79,22.74,17.99,31.89,"1,199,416.43","676,504","1,875,921",49.88
Ryedale,"52,212","25,172.70","459,180.90","484,353.54",0.48,8.79,9.28,"25,075.10","349,683.90","374,758.94",0.48,6.7,7.18,0.96,15.49,"808,864.73","50,248","859,112",16.45
Salford,"239,013",0,0,-,0,0,-,0,0,-,0,0,-,0,0,-,-,-,0
Sandwell,"314,329",0,0,-,0,0,-,0,0,-,0,0,-,0,0,-,-,-,0
Scarborough,"108,223","2,275.80","16,633.30","18,909.10",0.02,0.15,0.17,"2,274.40","12,666.90","14,941.31",0.02,0.12,0.14,0.04,0.27,"29,300.28","4,550","33,850",0.31
Sedgemoor,"117,544",0,0,-,0,0,-,0,0,-,0,0,-,0,0,-,-,-,0
Sefton,"273,207",0,0,-,0,0,-,0,0,-,0,0,-,0,0,-,-,-,0
Selby,"84,728","11,434.70","108,402.30","119,837.02",0.13,1.28,1.41,"11,387.00","82,552.50","93,939.53",0.13,0.97,1.11,0.27,2.25,"190,954.83","22,822","213,777",2.52
Sevenoaks,"117,035","151,891.70",0,"151,891.65",1.3,0,1.3,"122,983.70",0,"122,983.67",1.05,0,1.05,2.35,0,-,"274,875","274,875",2.35
Sheffield,"560,085",0,0,-,0,0,-,0,0,-,0,0,-,0,0,-,-,-,0
Shepway,"108,832","61,219.60",0,"61,219.61",0.56,0,0.56,"61,004.40",0,"61,004.37",0.56,0,0.56,1.12,0,-,"122,224","122,224",1.12
Shropshire,"308,567","575,651.70","5,307,635.90","5,883,287.63",1.87,17.2,19.07,"585,685.80","4,041,968.90","4,627,654.71",1.9,13.1,15,3.76,30.3,"9,349,604.86","1,161,337","10,510,942",34.06
Shropshire Fire,,"72,602.30","256,650.50","329,252.84",#DIV/0!,#DIV/0!,#DIV/0!,"91,402.70","195,449.20","286,851.92",#DIV/0!,#DIV/0!,#DIV/0!,#DIV/0!,#DIV/0!,"452,099.71","164,005","616,105",#DIV/0!
Slough,"143,024",0,0,-,0,0,-,0,0,-,0,0,-,0,0,-,-,-,0
Solihull,"208,861","960,004.00",0,"960,004.02",4.6,0,4.6,"960,923.10",0,"960,923.13",4.6,0,4.6,9.2,0,-,"1,920,927","1,920,927",9.2
Somerset,"538,104","1,090,469.60","1,928,044.60","3,018,514.24",2.03,3.58,5.61,"1,085,009.40","1,468,280.10","2,553,289.53",2.02,2.73,4.74,4.04,6.31,"3,396,324.75","2,175,479","5,571,804",10.35
South Bucks,"67,941","80,281.70",0,"80,281.73",1.18,0,1.18,"79,990.90",0,"79,990.85",1.18,0,1.18,2.36,0,-,"160,273","160,273",2.36
South Cambridgeshire,"151,467","75,841.70","104,848.20","180,689.90",0.5,0.69,1.19,"75,575.40","79,846.00","155,421.31",0.5,0.53,1.03,1,1.22,"184,694.18","151,417","336,111",2.22
South Derbyshire,"97,075","3,244.40",0,"3,244.43",0.03,0,0.03,"3,230.30",0,"3,230.33",0.03,0,0.03,0.07,0,-,"6,475","6,475",0.07
South Gloucestershire,"269,107","1,828,145.90",0,"1,828,145.88",6.79,0,6.79,"1,819,067.80",0,"1,819,067.76",6.76,0,6.76,13.55,0,-,"3,647,214","3,647,214",13.55
South Hams,"83,850","56,094.60","327,451.40","383,545.98",0.67,3.91,4.57,"55,890.30","249,366.80","305,257.08",0.67,2.97,3.64,1.34,6.88,"576,818.17","111,985","688,803",8.21
South Holland,"89,243",0,"127,743.70","127,743.66",0,1.43,1.43,0,"97,281.70","97,281.71",0,1.09,1.09,0,2.52,"225,025.37",-,"225,025",2.52
South Kesteven,"136,385",0,"236,418.10","236,418.05",0,1.73,1.73,0,"180,041.40","180,041.44",0,1.32,1.32,0,3.05,"416,459.49",-,"416,459",3.05
South Lakeland,"103,456","115,764.20","347,906.30","463,670.45",1.12,3.36,4.48,"115,354.30","264,944.00","380,298.33",1.12,2.56,3.68,2.23,5.92,"612,850.29","231,118","843,969",8.16
South Norfolk,"127,570","16,509.40","228,866.90","245,376.31",0.13,1.79,1.92,"16,439.60","174,290.90","190,730.58",0.13,1.37,1.5,0.26,3.16,"403,157.82","32,949","436,107",3.42
South Northamptonshire,"87,225","70,986.80","151,357.80","222,344.55",0.81,1.74,2.55,"70,731.90","115,264.80","185,996.65",0.81,1.32,2.13,1.62,3.06,"266,622.52","141,719","408,341",4.68
South Oxfordshire,"136,016","42,812.40","33,887.40","76,699.78",0.31,0.25,0.56,"42,661.50","25,806.50","68,468.01",0.31,0.19,0.5,0.63,0.44,"59,693.91","85,474","145,168",1.07
South Ribble,"108,913","92,011.90",0,"92,011.92",0.84,0,0.84,"91,686.70",0,"91,686.65",0.84,0,0.84,1.69,0,-,"183,699","183,699",1.69
South Somerset,"163,943","57,216.30","133,438.00","190,654.28",0.35,0.81,1.16,"57,020.10","101,618.20","158,638.31",0.35,0.62,0.97,0.7,1.43,"235,056.14","114,236","349,293",2.13
South Staffordshire,"110,295",0,0,-,0,0,-,0,0,-,0,0,-,0,0,-,-,-,0
South Tyneside,"148,526",0,0,-,0,0,-,0,0,-,0,0,-,0,0,-,-,-,0
South Yorkshire Fire,"1,358,153",0,0,-,0,0,-,0,0,-,0,0,-,0,0,-,-,-,0
Southampton,"242,141",0,0,-,0,0,-,0,0,-,0,0,-,0,0,-,-,-,0
Southend-on-Sea,"175,798",0,0,-,0,0,-,0,0,-,0,0,-,0,0,-,-,-,0
Southwark,"298,465",0,0,-,0,0,-,0,0,-,0,0,-,0,0,-,-,-,0
Spelthorne,"97,456","100,197.50",0,"100,197.54",1.03,0,1.03,"97,702.70",0,"97,702.66",1,0,1,2.03,0,-,"197,900","197,900",2.03
St Albans,"143,094","169,727.70",0,"169,727.71",1.19,0,1.19,"169,129.30",0,"169,129.29",1.18,0,1.18,2.37,0,-,"338,857","338,857",2.37
St Edmundsbury,"111,846","50,524.40","121,198.50","171,722.93",0.45,1.08,1.54,"50,346.00","92,297.30","142,643.36",0.45,0.83,1.28,0.9,1.91,"213,495.84","100,870","314,366",2.81
St Helens,"176,221",0,0,-,0,0,-,0,0,-,0,0,-,0,0,-,-,-,0
Stafford,"132,092","43,178.20","20,176.40","63,354.58",0.33,0.15,0.48,"43,027.20","15,365.10","58,392.26",0.33,0.12,0.44,0.65,0.27,"35,541.50","86,205","121,747",0.92
Staffordshire,"857,007","2,773,671.20",0,"2,773,671.19",3.24,0,3.24,"2,792,323.50",0,"2,792,323.48",3.26,0,3.26,6.49,0,-,"5,565,995","5,565,995",6.49
Staffordshire Fire,,"37,215.70",0,"37,215.72",#DIV/0!,#DIV/0!,#DIV/0!,"46,847.60",0,"46,847.64",#DIV/0!,#DIV/0!,#DIV/0!,#DIV/0!,#DIV/0!,-,"84,063","84,063",#DIV/0!
Staffordshire Moorlands,"97,415","4,796.50","48,510.90","53,307.38",0.05,0.5,0.55,"4,778.10","36,942.90","41,721.03",0.05,0.38,0.43,0.1,0.88,"85,453.83","9,575","95,028",0.98
Stevenage,"85,474","6,596.20",0,"6,596.18",0.08,0,0.08,"6,569.90",0,"6,569.92",0.08,0,0.08,0.15,0,-,"13,166","13,166",0.15
Stockport,"285,032","1,021,558.30",0,"1,021,558.31",3.58,0,3.58,"1,009,443.90",0,"1,009,443.88",3.54,0,3.54,7.13,0,-,"2,031,002","2,031,002",7.13
Stockton-on-Tees,"193,196",0,0,-,0,0,-,0,0,-,0,0,-,0,0,-,-,-,0
Stoke-on-Trent,"250,227",0,0,-,0,0,-,0,0,-,0,0,-,0,0,-,-,-,0
Stratford-on-Avon,"120,767","61,449.10","240,030.60","301,479.64",0.51,1.99,2.5,"61,227.60","182,792.50","244,020.08",0.51,1.51,2.02,1.02,3.5,"422,823.11","122,677","545,500",4.52
Stroud,"113,920","102,966.00",0,"102,966.05",0.9,0,0.9,"102,601.80",0,"102,601.78",0.9,0,0.9,1.8,0,-,"205,568","205,568",1.8
Suffolk,"734,466","1,944,327.20","1,743,308.40","3,687,635.57",2.65,2.37,5.02,"1,978,224.80","1,327,596.40","3,305,821.18",2.69,1.81,4.5,5.34,4.18,"3,070,904.78","3,922,552","6,993,457",9.52
Suffolk Coastal,"124,405","57,010.80","199,089.90","256,100.75",0.46,1.6,2.06,"56,809.70","151,614.60","208,424.34",0.46,1.22,1.68,0.91,2.82,"350,704.53","113,821","464,525",3.73
Sunderland,"276,080",0,0,-,0,0,-,0,0,-,0,0,-,0,0,-,-,-,0
Surrey,"1,152,114","11,926,366.10",0,"11,926,366.06",10.35,0,10.35,"12,174,696.40",0,"12,174,696.36",10.57,0,10.57,20.92,0,-,"24,101,062","24,101,062",20.92
Surrey Heath,"86,904","132,988.50",0,"132,988.46",1.53,0,1.53,"84,487.80",0,"84,487.85",0.97,0,0.97,2.5,0,-,"217,476","217,476",2.5
Sutton,"195,914","1,343,169.20",0,"1,343,169.19",6.86,0,6.86,"1,332,935.80",0,"1,332,935.83",6.8,0,6.8,13.66,0,-,"2,676,105","2,676,105",13.66
Swale,"139,171",0,0,-,0,0,-,0,0,-,0,0,-,0,0,-,-,-,0
Swindon,"214,038","826,051.90",0,"826,051.91",3.86,0,3.86,"826,700.80",0,"826,700.81",3.86,0,3.86,7.72,0,-,"1,652,753","1,652,753",7.72
Tameside,"220,597",0,0,-,0,0,-,0,0,-,0,0,-,0,0,-,-,-,0
Tamworth,"77,157",0,0,-,0,0,-,0,0,-,0,0,-,0,0,-,-,-,0
Tandridge,"84,612","138,492.60",0,"138,492.61",1.64,0,1.64,"130,500.10",0,"130,500.08",1.54,0,1.54,3.18,0,-,"268,993","268,993",3.18
Taunton Deane,"112,116","16,930.30","22,271.40","39,201.70",0.15,0.2,0.35,"16,863.80","16,960.50","33,824.31",0.15,0.15,0.3,0.3,0.35,"39,231.92","33,794","73,026",0.65
Teignbridge,"126,001","27,340.70","38,679.20","66,019.92",0.22,0.31,0.52,"27,242.30","29,455.70","56,698.03",0.22,0.23,0.45,0.43,0.54,"68,134.87","54,583","122,718",0.97
Telford and the Wrekin,"168,452",0,0,-,0,0,-,0,0,-,0,0,-,0,0,-,-,-,0
Tendring,"138,721",0,0,-,0,0,-,0,0,-,0,0,-,0,0,-,-,-,0
Test Valley,"118,372","53,803.60",0,"53,803.57",0.45,0,0.45,"53,609.40",0,"53,609.44",0.45,0,0.45,0.91,0,-,"107,413","107,413",0.91
Tewkesbury,"84,256",0,"11,056.90","11,056.87",0,0.13,0.13,0,"8,420.20","8,420.23",0,0.1,0.1,0,0.23,"19,477.10",-,"19,477",0.23
Thanet,"136,766",0,0,-,0,0,-,0,0,-,0,0,-,0,0,-,-,-,0
Three Rivers,"89,491","65,924.60",0,"65,924.57",0.74,0,0.74,"65,688.80",0,"65,688.77",0.73,0,0.73,1.47,0,-,"131,613","131,613",1.47
Thurrock,"160,849",0,0,-,0,0,-,0,0,-,0,0,-,0,0,-,-,-,0
Tonbridge and Malling,"123,001","134,829.10",0,"134,829.07",1.1,0,1.1,"117,200.80",0,"117,200.80",0.95,0,0.95,2.05,0,-,"252,030","252,030",2.05
Torbay,"132,075",0,0,-,0,0,-,0,0,-,0,0,-,0,0,-,-,-,0
Torridge,"65,089",0,"380,288.40","380,288.38",0,5.84,5.84,0,"289,604.20","289,604.23",0,4.45,4.45,0,10.29,"669,892.61",-,"669,893",10.29
Tower Hamlets,"272,890",0,0,-,0,0,-,0,0,-,0,0,-,0,0,-,-,-,0
Trafford,"230,179","465,204.40",0,"465,204.45",2.02,0,2.02,"457,567.50",0,"457,567.54",1.99,0,1.99,4.01,0,-,"922,772","922,772",4.01
Tunbridge Wells,"115,693","74,439.00",0,"74,439.02",0.64,0,0.64,"74,172.60",0,"74,172.59",0.64,0,0.64,1.28,0,-,"148,612","148,612",1.28
Tyne and Wear Fire,,0,0,-,#DIV/0!,#DIV/0!,#DIV/0!,0,0,-,#DIV/0!,#DIV/0!,#DIV/0!,#DIV/0!,#DIV/0!,-,-,-,#DIV/0!
Uttlesford,"82,683","60,579.90","224,265.00","284,844.93",0.73,2.71,3.45,"60,357.80","170,786.50","231,144.25",0.73,2.07,2.8,1.46,4.78,"395,051.49","120,938","515,989",6.24
Vale of White Horse,"123,648","41,861.20","7,303.90","49,165.10",0.34,0.06,0.4,"41,709.10","5,562.20","47,271.28",0.34,0.04,0.38,0.68,0.1,"12,866.12","83,570","96,436",0.78
Wakefield,"329,708",0,0,-,0,0,-,0,0,-,0,0,-,0,0,-,-,-,0
Walsall,"272,161",0,0,-,0,0,-,0,0,-,0,0,-,0,0,-,-,-,0
Waltham Forest,"265,797",0,0,-,0,0,-,0,0,-,0,0,-,0,0,-,-,-,0
Wandsworth,"310,516",0,0,-,0,0,-,0,0,-,0,0,-,0,0,-,-,-,0
Warrington,"205,109","656,745.80",0,"656,745.78",3.2,0,3.2,"634,042.90",0,"634,042.91",3.09,0,3.09,6.29,0,-,"1,290,789","1,290,789",6.29
Warwick,"138,462","39,596.80",0,"39,596.76",0.29,0,0.29,"39,460.10",0,"39,460.10",0.28,0,0.28,0.57,0,-,"79,057","79,057",0.57
Warwickshire,"548,729","2,989,705.40",0,"2,989,705.40",5.45,0,5.45,"2,993,271.80",0,"2,993,271.82",5.45,0,5.45,10.9,0,-,"5,982,977","5,982,977",10.9
Watford,"93,736","92,587.20",0,"92,587.24",0.99,0,0.99,"92,241.70",0,"92,241.65",0.98,0,0.98,1.97,0,-,"184,829","184,829",1.97
Waveney,"115,962",0,0,-,0,0,-,0,0,-,0,0,-,0,0,-,-,-,0
Waverley,"122,426","152,623.70",0,"152,623.74",1.25,0,1.25,"152,085.00",0,"152,085.05",1.24,0,1.24,2.49,0,-,"304,709","304,709",2.49
Wealden,"152,578","166,797.40","165,762.80","332,560.20",1.09,1.09,2.18,"166,208.90","126,234.80","292,443.68",1.09,0.83,1.92,2.18,1.91,"291,997.63","333,006","625,004",4.1
Wellingborough,"75,958",0,0,-,0,0,-,0,0,-,0,0,-,0,0,-,-,-,0
Welwyn Hatfield,"114,061","78,241.70",0,"78,241.72",0.69,0,0.69,"77,962.90",0,"77,962.94",0.68,0,0.68,1.37,0,-,"156,205","156,205",1.37
West Berkshire,"155,394","1,389,532.50",0,"1,389,532.46",8.94,0,8.94,"1,372,039.00",0,"1,372,038.99",8.83,0,8.83,17.77,0,-,"2,761,571","2,761,571",17.77
West Devon,"53,919","30,803.30","372,638.40","403,441.71",0.57,6.91,7.48,"30,689.30","283,778.50","314,467.78",0.57,5.26,5.83,1.14,12.17,"656,416.91","61,493","717,909",13.31
West Dorset,"100,026",0,"386,830.50","386,830.46",0,3.87,3.87,0,"294,586.30","294,586.27",0,2.95,2.95,0,6.81,"681,416.73",-,"681,417",6.81
West Lancashire,"111,314","7,224.50",0,"7,224.54",0.06,0,0.06,"7,202.10",0,"7,202.06",0.06,0,0.06,0.13,0,-,"14,427","14,427",0.13
West Lindsey,"90,717",0,"380,570.70","380,570.66",0,4.2,4.2,0,"289,819.20","289,819.19",0,3.19,3.19,0,7.39,"670,389.85",-,"670,390",7.39
West Midlands Fire,,0,0,-,#DIV/0!,#DIV/0!,#DIV/0!,0,0,-,#DIV/0!,#DIV/0!,#DIV/0!,#DIV/0!,#DIV/0!,-,-,-,#DIV/0!
West Oxfordshire,"107,989",0,"101,878.20","101,878.24",0,0.94,0.94,0,"77,584.20","77,584.20",0,0.72,0.72,0,1.66,"179,462.44",-,"179,462",1.66
West Somerset,"34,320",0,"171,529.70","171,529.65",0,5,5,0,"130,626.40","130,626.43",0,3.81,3.81,0,8.8,"302,156.08",-,"302,156",8.8
West Sussex,"821,356","6,173,785.00",0,"6,173,784.97",7.52,0,7.52,"6,253,608.60",0,"6,253,608.62",7.61,0,7.61,15.13,0,-,"12,427,394","12,427,394",15.13
West Yorkshire Fire,,0,0,-,#DIV/0!,#DIV/0!,#DIV/0!,0,0,-,#DIV/0!,#DIV/0!,#DIV/0!,#DIV/0!,#DIV/0!,-,-,-,#DIV/0!
Westminster,"226,841",0,0,-,0,0,-,0,0,-,0,0,-,0,0,-,-,-,0
Weymouth and Portland,"65,134","65,867.90",0,"65,867.92",1.01,0,1.01,"65,624.40",0,"65,624.44",1.01,0,1.01,2.02,0,-,"131,492","131,492",2.02
Wigan,"319,690",0,0,-,0,0,-,0,0,-,0,0,-,0,0,-,-,-,0
Wiltshire,"479,634","3,017,447.50","2,661,050.50","5,678,498.01",6.29,5.55,11.84,"3,013,784.00","2,026,492.30","5,040,276.26",6.28,4.23,10.51,12.57,9.77,"4,687,542.81","6,031,231","10,718,774",22.35
Winchester,"118,264","92,100.30","37,161.40","129,261.73",0.78,0.31,1.09,"91,757.90","28,299.80","120,057.78",0.78,0.24,1.02,1.55,0.55,"65,461.26","183,858","249,320",2.11
Windsor and Maidenhead,"146,335","1,277,982.50",0,"1,277,982.49",8.73,0,8.73,"1,262,678.40",0,"1,262,678.37",8.63,0,8.63,17.36,0,-,"2,540,661","2,540,661",17.36
Wirral,"320,295",0,0,-,0,0,-,0,0,-,0,0,-,0,0,-,-,-,0
Woking,"99,567","137,416.60",0,"137,416.58",1.38,0,1.38,"111,999.70",0,"111,999.68",1.12,0,1.12,2.51,0,-,"249,416","249,416",2.51
Wokingham,"157,866","2,109,435.20",0,"2,109,435.24",13.36,0,13.36,"2,104,068.70",0,"2,104,068.74",13.33,0,13.33,26.69,0,-,"4,213,504","4,213,504",26.69
Wolverhampton,"251,557",0,0,-,0,0,-,0,0,-,0,0,-,0,0,-,-,-,0
Worcester,"100,405","13,343.90",0,"13,343.93",0.13,0,0.13,"13,285.80",0,"13,285.77",0.13,0,0.13,0.27,0,-,"26,630","26,630",0.27
Worcestershire,"572,168","2,516,631.20",0,"2,516,631.20",4.4,0,4.4,"2,519,062.90",0,"2,519,062.86",4.4,0,4.4,8.8,0,-,"5,035,694","5,035,694",8.8
Worthing,"106,117","99,863.50",0,"99,863.50",0.94,0,0.94,"99,504.00",0,"99,503.96",0.94,0,0.94,1.88,0,-,"199,367","199,367",1.88
Wychavon,"118,738","13,143.10","44,267.70","57,410.76",0.11,0.37,0.48,"13,092.80","33,711.50","46,804.33",0.11,0.28,0.39,0.22,0.66,"77,979.18","26,236","104,215",0.88
Wycombe,"173,834","84,542.40",0,"84,542.41",0.49,0,0.49,"84,246.50",0,"84,246.49",0.48,0,0.48,0.97,0,-,"168,789","168,789",0.97
Wyre,"108,236","5,142.40",0,"5,142.37",0.05,0,0.05,"5,126.00",0,"5,125.97",0.05,0,0.05,0.09,0,-,"10,268","10,268",0.09
Wyre Forest,"98,421","43,235.40",0,"43,235.37",0.44,0,0.44,"43,078.70",0,"43,078.73",0.44,0,0.44,0.88,0,-,"86,314","86,314",0.88
York,"202,435","780,730.90",0,"780,730.92",3.86,0,3.86,"764,259.20",0,"764,259.17",3.78,0,3.78,7.63,0,-,"1,544,990","1,544,990",7.63
